{
  "project_info": {
    "project_number": "1032899891536",
    "project_id": "watchthemall-69adf"
  },
  "client": [
    {
      "client_info": {
        "mobilesdk_app_id": "1:1032899891536:android:4132d4858412a8d8",
        "android_client_info": {
          "package_name": "com.nanodegree.android.watchthemall"
        }
      },
      "oauth_client": [],
      "api_key": [
        {
          "current_key": "AIzaSyA__S0IiWcGA2wJzSBuWJSXT0vOBqlI5v0"
        }
      ],
      "services": {
        "analytics_service": {
          "status": 2,
          "analytics_property": {
            "tracking_id": "UA-78277967-1"
          }
        },
        "appinvite_service": {
          "status": 1,
          "other_platform_oauth_client": []
        },
        "ads_service": {
          "status": 2,
          "test_banner_ad_unit_id": "ca-app-pub-3940256099942544/6300978111",
          "test_interstitial_ad_unit_id": "ca-app-pub-3940256099942544/1033173712"
        }
      }
    }
  ],
  "configuration_version": "1"
}